genome_id,length,gc_content,resistance_label,num_mutations,mutations,evo_distance
KZN4207 m,4411532,0.6561466628826449,resistant,19,"[""S315A"", ""R463L"", ""I21T"", ""C61S"", ""C203S"", ""H445Y"", ""S450F"", ""D435V"", ""Q432K"", ""D94A"", ""D94H"", ""S95F"", ""M306L"", ""H51R"", ""K131E"", ""K43N"", ""K43E"", ""A1401G"", ""G1484T""]",0.075562
KZN1435 m,4411532,0.6561466628826449,susceptible,23,"[""S315T"", ""S315N"", ""I21V"", ""S94A"", ""C203S"", ""S450F"", ""D435V"", ""Q432K"", ""D94G"", ""D94A"", ""D94H"", ""A94V"", ""S95T"", ""E21Q"", ""M306V"", ""M306L"", ""D1024A"", ""H96R"", ""K131E"", ""K43N"", ""K43E"", ""G1484T"", ""C1402T""]",0.077642
KZN605 m,4411532,0.6561466628826449,resistant,22,"[""S315T"", ""R463L"", ""I21V"", ""I21T"", ""C203S"", ""H445Y"", ""H445D"", ""S450F"", ""S450L"", ""Q432K"", ""D94G"", ""D94A"", ""D94H"", ""S95T"", ""A74S"", ""M306V"", ""H51R"", ""T134P"", ""K131E"", ""K43N"", ""K43E"", ""G1484T""]",0.076472
CTRI-2,4411532,0.6561466628826449,resistant,17,"[""S315A"", ""R463L"", ""I21V"", ""S94A"", ""H445Y"", ""H445D"", ""S450L"", ""D435V"", ""D94A"", ""A94V"", ""S95T"", ""S95F"", ""M306V"", ""M306I"", ""K43R"", ""A1401G"", ""G1484T""]",0.074669
F11,4411532,0.6561466628826449,resistant,18,"[""S315A"", ""I21V"", ""I21T"", ""C61S"", ""C203S"", ""H445L"", ""D435V"", ""L430P"", ""Q432K"", ""D94G"", ""D94A"", ""A94V"", ""M306I"", ""K131E"", ""K43R"", ""K43E"", ""A1401G"", ""C1402T""]",0.085971
H37Rv,4411532,0.6561466628826449,susceptible,16,"[""S94A"", ""C61S"", ""H445L"", ""H445D"", ""S450F"", ""S450L"", ""L430P"", ""D94G"", ""S95T"", ""M306I"", ""M306L"", ""K131E"", ""K43R"", ""K43E"", ""A1401G"", ""G1484T""]",0.085887
H37Ra,4411532,0.6561466628826449,resistant,29,"[""S315T"", ""I21V"", ""I21T"", ""S94A"", ""C61S"", ""H445L"", ""H445Y"", ""H445D"", ""S450F"", ""S450L"", ""D435V"", ""L430P"", ""Q432K"", ""D94G"", ""D94A"", ""D94H"", ""A94V"", ""S95T"", ""S95F"", ""E21Q"", ""M306V"", ""H51R"", ""H96R"", ""K131E"", ""K43R"", ""K43N"", ""K43E"", ""A1401G"", ""G1484T""]",0.103764
RGTB327,4411532,0.6561466628826449,resistant,32,"[""S315T"", ""S315N"", ""S315A"", ""R463L"", ""I21V"", ""I21T"", ""C203S"", ""H445L"", ""S450F"", ""S450L"", ""D435V"", ""L430P"", ""Q432K"", ""D94G"", ""D94H"", ""A94V"", ""S95T"", ""S95F"", ""E21Q"", ""A74S"", ""M306V"", ""M306I"", ""M306L"", ""D1024A"", ""T134P"", ""H96R"", ""K131E"", ""K43R"", ""K43E"", ""A1401G"", ""G1484T"", ""C1402T""]",0.246354
RGTB423,4411532,0.6561466628826449,resistant,32,"[""S315T"", ""S315A"", ""I21V"", ""I21T"", ""S94A"", ""H445L"", ""H445Y"", ""H445D"", ""S450F"", ""S450L"", ""D435V"", ""Q432K"", ""D94G"", ""D94A"", ""D94H"", ""A94V"", ""S95T"", ""S95F"", ""E21Q"", ""A74S"", ""M306V"", ""M306I"", ""M306L"", ""D1024A"", ""H51R"", ""H96R"", ""K131E"", ""K43R"", ""K43N"", ""K43E"", ""G1484T"", ""C1402T""]",0.283425
Erdman,4411532,0.6561466628826449,resistant,17,"[""S315T"", ""S315N"", ""R463L"", ""I21V"", ""I21T"", ""S94A"", ""H445D"", ""S450F"", ""L430P"", ""D94H"", ""A94V"", ""M306I"", ""T134P"", ""K131E"", ""K43N"", ""A1401G"", ""C1402T""]",0.082211
CDC1551,4411532,0.6561466628826449,resistant,21,"[""S315A"", ""R463L"", ""I21T"", ""S94A"", ""C61S"", ""C203S"", ""H445L"", ""H445D"", ""S450L"", ""D435V"", ""Q432K"", ""D94G"", ""D94A"", ""D94H"", ""A94V"", ""S95F"", ""T134P"", ""K131E"", ""K43R"", ""K43N"", ""A1401G""]",0.079985
CCDC5180,4411532,0.6561466628826449,resistant,25,"[""S315T"", ""S315N"", ""S315A"", ""I21V"", ""I21T"", ""C61S"", ""H445L"", ""H445Y"", ""H445D"", ""S450F"", ""D435V"", ""Q432K"", ""D94G"", ""D94A"", ""A94V"", ""S95T"", ""E21Q"", ""M306V"", ""M306I"", ""M306L"", ""D1024A"", ""T134P"", ""K131E"", ""K43R"", ""K43E""]",0.085461
CCDC5079,4411532,0.6561466628826449,resistant,22,"[""S315T"", ""S315A"", ""I21T"", ""S94A"", ""C203S"", ""H445L"", ""H445Y"", ""H445D"", ""Q432K"", ""D94G"", ""D94H"", ""A94V"", ""S95T"", ""S95F"", ""M306V"", ""M306I"", ""M306L"", ""D1024A"", ""T134P"", ""K131E"", ""K43N"", ""G1484T""]",0.112306
canettii,4411532,0.6561466628826449,resistant,33,"[""S315N"", ""S315A"", ""I21V"", ""I21T"", ""S94A"", ""C61S"", ""C203S"", ""H445L"", ""H445D"", ""S450F"", ""S450L"", ""D435V"", ""L430P"", ""Q432K"", ""D94G"", ""D94A"", ""D94H"", ""A94V"", ""S95T"", ""S95F"", ""E21Q"", ""A74S"", ""M306I"", ""M306L"", ""D1024A"", ""H51R"", ""H96R"", ""K43R"", ""K43N"", ""K43E"", ""A1401G"", ""G1484T"", ""C1402T""]",0.217936
africanum,4411532,0.6561466628826449,resistant,18,"[""S315T"", ""R463L"", ""I21V"", ""I21T"", ""H445Y"", ""D435V"", ""L430P"", ""D94H"", ""A94V"", ""S95T"", ""S95F"", ""M306V"", ""M306L"", ""D1024A"", ""H51R"", ""H96R"", ""K131E"", ""K43R""]",0.068068
BCG Moreau,4411532,0.6561466628826449,susceptible,3,"[""D94G"", ""D94H"", ""A74S""]",0.00488
BCG Tokyo,4411532,0.6561466628826449,susceptible,1,"[""H445Y""]",0.00489
BCG Pasteur,4411532,0.6561466628826449,susceptible,1,"[""G1484T""]",0.00066
BCG Mexico,4411532,0.6561466628826449,susceptible,0,[],0.00011
